{
  "title": "Daggerheart",
  "id": "daggerheart",
  "system": "worldbuilding",
  "joinTheme": "default",
  "coreVersion": "11.315",
  "compatibility": {
    "minimum": "11",
    "verified": "11.315"
  },
  "systemVersion": "0.8.2",
  "lastPlayed": "Wed Apr 10 2024 13:36:07 GMT+0000 (Coordinated Universal Time)",
  "playtime": 263427,
  "background": "https://assets.forge-vtt.com/64c98511663382556ef6ad96/Daggerheart/frzUD84.png",
  "packs": [
    {
      "label": "Daggerheart Actors",
      "type": "Actor",
      "name": "daggerheart-actors",
      "path": "packs/daggerheart-actors",
      "system": "worldbuilding",
      "ownership": {
        "PLAYER": "OBSERVER",
        "ASSISTANT": "OWNER"
      },
      "flags": {}
    },
    {
      "label": "Daggerheart Adventure",
      "type": "Adventure",
      "name": "daggerheart-adventure",
      "path": "packs/daggerheart-adventure",
      "system": "worldbuilding",
      "ownership": {
        "PLAYER": "OBSERVER",
        "ASSISTANT": "OWNER"
      },
      "flags": {}
    },
    {
      "label": "Daggerheart Cards",
      "type": "Cards",
      "name": "daggerheart-cards",
      "path": "packs/daggerheart-cards",
      "system": "worldbuilding",
      "ownership": {
        "PLAYER": "OBSERVER",
        "ASSISTANT": "OWNER"
      },
      "flags": {}
    },
    {
      "label": "Daggerheart Items",
      "type": "Item",
      "name": "daggerheart-items",
      "path": "packs/daggerheart-items",
      "system": "worldbuilding",
      "ownership": {
        "PLAYER": "OBSERVER",
        "ASSISTANT": "OWNER"
      },
      "flags": {}
    },
    {
      "label": "Daggerheart Journals",
      "type": "JournalEntry",
      "name": "daggerheart-journals",
      "path": "packs/daggerheart-journals",
      "system": "worldbuilding",
      "ownership": {
        "PLAYER": "OBSERVER",
        "ASSISTANT": "OWNER"
      },
      "flags": {}
    },
    {
      "label": "Daggerheart Macros",
      "type": "Macro",
      "name": "daggerheart-macros",
      "path": "packs/daggerheart-macros",
      "system": "worldbuilding",
      "ownership": {
        "PLAYER": "OBSERVER",
        "ASSISTANT": "OWNER"
      },
      "flags": {}
    },
    {
      "label": "Daggerheart Scenes",
      "type": "Scene",
      "name": "daggerheart-scenes",
      "path": "packs/daggerheart-scenes",
      "system": "worldbuilding",
      "ownership": {
        "PLAYER": "OBSERVER",
        "ASSISTANT": "OWNER"
      },
      "flags": {}
    }
  ]
}